path	bytes
README.md	10842
code/dna_fountain/COPYING	35147
code/dna_fountain/Colorer.py	3260
code/dna_fountain/UPSTREAM_README.md	2906
code/dna_fountain/aggressive.pyx	4422
code/dna_fountain/decode.py	6075
code/dna_fountain/droplet.pyx	1067
code/dna_fountain/encode.py	3994
code/dna_fountain/fountain.pyx	2837
code/dna_fountain/glass.pyx	5315
code/dna_fountain/lfsr.py	536
code/dna_fountain/other_screens.py	3612
code/dna_fountain/preprocessing.py	1967
code/dna_fountain/robust_solition.pyx	5285
code/dna_fountain/setup.py	250
code/dna_fountain/utils.pyx	3636
code/screen_secondary_structure.py	16202
code/select_from_report.py	1094
code/verify_archive.py	1795
data/input/mona_lisa.jpg	97530
data/screening/screening_all_300000.csv.gz	82261828
data/screening/screening_final_5200.csv	4805917
data/sequences/candidates_300000.fasta.gz	11830322
data/sequences/final_5200_encoded.fasta	691600
data/sequences/final_5200_full_length.fasta	1003600
data/sequences/survivors_10163_encoded.fasta	1412657
data/validation/simulated_reads_55200.txt.gz	1946679
data/validation/simulated_reads_abundance_sorted.txt.gz	1102096
data/validation/simulated_reads_unique_sorted.txt.gz	1095775
metadata/candidate_id_mapping.part001.tsv.gz	10363078
metadata/candidate_id_mapping.part002.tsv.gz	10187248
metadata/candidate_id_mapping.part003.tsv.gz	10258715
metadata/data_dictionary.md	2451
metadata/environment.json	345
metadata/final_5200_id_mapping.tsv	1015679
metadata/validation_checks.json	819
metadata/validation_summary.json	555
requirements.txt	106
